,Mu,Susceptible,Infected,Recovered
0,10.006956756756757,0.43337264988439295,0.9726180444381451,0.6763156575048099
1,10.006972913958005,0.3630291797236543,0.9912989841068693,0.7358495745068256
2,10.00698021799276,0.2975437757844408,0.9998117588610012,0.7916911315490014
3,10.006978630060726,0.23796318937715075,0.9979574197691778,0.8426836886578618
4,10.006968257284177,0.18523203234726346,0.9858938222462267,0.8877785410825343
5,10.00694934499544,0.14015179418098883,0.9641170239431754,0.9260756352563151
6,10.006922267379203,0.10334855621604679,0.9334196995183119,0.9568559014225045
7,10.006887517034999,0.0752513255342068,0.8948325195863545,0.9796031921979583
8,10.006845692929456,0.05608198671121678,0.8495548993608734,0.9940147036754361
9,10.006797486965162,0.0458566461573238,0.7988828241922932,1.0
10,10.006743669253119,0.04439725268856514,0.7441404867087675,0.997669667315552
11,10.006685073143416,0.051351156425879944,0.6866217407731661,0.9873158742068604
12,10.0066225793823,0.0662163222164156,0.6275434920711054,0.9693871024574537
13,10.006557099815163,0.08836994332265852,0.568012319484637,0.9444593015447591
14,10.006489561823512,0.1170978742126648,0.5090046069233952,0.9132060717189625
15,10.006420893119346,0.1516230873046968,0.4513578170795664,0.8763697112790264
16,10.006352007754323,0.19113223909530005,0.39577113410224457,0.8347340707805634
17,10.006283793591098,0.23479845951959127,0.3428129712954859,0.7891011598475909
18,10.006217101379837,0.2818007998901141,0.2929329799522911,0.7402710873231995
19,10.006152736046676,0.33133987885342026,0.2464769385701495,0.6890258225241844
20,10.006091449593285,0.38264944118229,0.20370245998403413,0.6361170979314906
21,10.00603393611663,0.43500480228662686,0.16479479971394909,0.5822574703184933
22,10.005980828501713,0.4877281546628472,0.12988175447183845,0.5281145824044736
23,10.005932696621196,0.5401912948138843,0.09904722131051419,0.47430806370882983
24,10.005890046756479,0.5918162805777224,0.07234316931477597,0.42140855768505064
25,10.005853321893811,0.6420744073161352,0.04979992385459784,0.3699384833195517
26,10.005822902588301,0.6904839429015315,0.031434803666391065,0.3203740849413551
27,10.005799108028704,0.7366069470299805,0.017259169979523842,0.2731484398377603
28,10.005782196894733,0.7800454824670194,0.007283936898051344,0.2286551115301011
29,10.005772367973607,0.8204375551878772,0.0015237904189163082,0.18725210318158464
30,10.00576975997548,0.8574528923224991,0.0,0.1492660032547869
31,10.005774450514808,0.8907888455580103,0.0027419524418765733,0.1149960293989613
32,10.00578645410562,0.920166574373944,0.009787378518046588,0.08471781467602114
33,10.005805719093711,0.9453276867560819,0.021181188955819757,0.05868675720085597
34,10.00583212358326,0.9660314930548611,0.03697280650678578,0.03714077702103819
35,10.00586547046428,0.9820530723574634,0.05721179475501057,0.020302281158736068
36,10.005905481920117,0.9931823012354034,0.08194163388221427,0.008379186988653491
37,10.005951793693061,0.9992240860767556,0.11119133320699544,0.0015647644905843648
38,10.006003949703775,1.0,0.14496468789715597,3.609671200451044e-05
39,10.00606139764561,0.9953515786565006,0.18322698342390306,0.003950904121075748
40,10.006123486517017,0.9851454056072106,0.2258892405323581,0.013442599292723666
41,10.006189466636547,0.9692802786123972,0.2727900075628868,0.028613277798025066
42,10.006258493140036,0.9476964889412502,0.32367534155994176,0.049524603677448605
43,10.006329633524734,0.9203872212672424,0.37817785225796763,0.07618656972695856
44,10.006401879706145,0.8874119240138222,0.4357963046648244,0.10854426343136855
45,10.006474164607486,0.8489111239065311,0.4958777800327451,0.1464631418937468
46,10.006545383175826,0.8051220398289872,0.5576051899650538,0.18971342817127865
47,10.006614416567453,0.7563938232521634,0.6199927524880646,0.23795477643730992
48,10.00668015864976,0.7032010602017492,0.6818927612149265,0.29072253778142415
49,10.00674154433304,0.6461536565932542,0.742017342288417,0.34741747159416986
50,10.006797575723153,0.5860014282751217,0.7989746758252715,0.407300603623142
51,10.0068473467388,0.523631480544599,0.8513217079181423,0.46949513628876755
52,10.006890064551298,0.46005667880568574,0.897631046047907,0.532997157726497
53,10.00692506587825,0.3963949686668569,0.9365664067596656,0.5966954710384879
54,10.006951829124292,0.33383902515518743,0.9669614671109,0.6594011407158742
55,10.00696998151423,0.27361775302797925,0.9878931924844234,0.7198853432761081
56,10.006979301877294,0.21695182368543298,0.9987417007976584,0.7769234258650107
57,10.006979719774591,0.1650064603107822,0.9992297376217615,0.8293420264887007
58,10.006971311348753,0.11884510033728546,0.989436840455717,0.876065660266775
59,10.006954292618415,0.07938772891987535,0.9697870204101026,0.9161589578281812
60,10.006929010833934,0.047377178635989434,0.9410122888014332,0.9488611965667599
61,10.0068959340637,0.023355687219219542,0.9040969553721216,0.9736107424044679
62,10.00685563934522,0.0076529781540728105,0.8602098646377047,0.9900580253732177
63,10.006808799604425,0.00038584608469881314,0.8106322702377531,0.9980669601051064
64,10.006756169411956,0.0014681405138152475,0.7566883020357549,0.9977058316104618
65,10.006698569859147,0.010629294787278802,0.6996836662789531,0.9892294386436169
66,10.00663687280596,0.027439034922749333,0.6408561358216038,0.9730548333092218
67,10.006571984853421,0.051335802814677436,0.5813394140590288,0.9497331240139585
68,10.006504831515128,0.0816565770055947,0.5221402996850989,0.9199196818461287
69,10.006436341862202,0.11766614257518584,0.4641276313505743,0.884344738747413
70,10.006367434038863,0.1585843252559937,0.4080309126014701,0.8437859059294203
71,10.006299002669351,0.20361011801546086,0.3544467583796306,0.7990437204613027
72,10.006231907757428,0.2519420976504655,0.30385022442846377,0.7509208692810588
73,10.006166964964512,0.302795057684973,0.2566088118200401,0.7002051960315765
74,10.006104938512125,0.35541276917800974,0.2129983899865596,0.6476565903868371
75,10.006046535651272,0.40907723695091963,0.17321899374794117,0.5939974175079444
76,10.005992402983367,0.4631148174291155,0.13740996475070852,0.5399061253818358
77,10.005943124387743,0.5168996438676247,0.10566386453090125,0.4860135880141124
78,10.005899220180966,0.5698548377674931,0.07803879918080855,0.432901706162381
79,10.005861147264167,0.6214519496308284,0.05456908998077355,0.38110381914895386
80,10.00582929987131,0.6712090375246712,0.03527425876424929,0.3311065158102995
81,10.005804010628184,0.7186877759247513,0.020166427433710395,0.283352446944748
82,10.005785551544369,0.7634898855809424,0.009256197020163913,0.23824384479228838
83,10.00577413462239,0.8052531489967358,0.002557095154504593,0.1961464811494224
84,10.005769911779547,0.8436473074680951,8.864270740578188e-05,0.15739376454095474
85,10.005772974242676,0.8783700056446471,0.0018782947016718337,0.12229080525105739
86,10.005783350814733,0.9091429340019143,0.007961984981956955,0.0911183001441171
87,10.00580100500576,0.9357083751079243,0.018383258698061636,0.06413602954064468
88,10.005825830738189,0.9578264013715139,0.0331906939517581,0.04158572018155722
89,10.005857647951329,0.9752728213807719,0.052434154052208116,0.023693168492624476
90,10.005896197330534,0.9878379603084999,0.07615907740990814,0.010669549091491858
91,10.005941134341453,0.9953266494441683,0.10439844584261003,0.0027115347729815796
92,10.005992023634777,0.997559649261058,0.13716252412492008,0.0
93,10.00604833463489,0.9943764937581708,0.1744263113791802,0.0026973213340227404
94,10.00610943847094,0.985640198609053,0.216114267661043,0.01094283409971252
95,10.00617460731139,0.9712440148704472,0.2620825856642251,0.024846258136879722
96,10.006243017103976,0.9511202218321949,0.31209957128911403,0.044479091480391565
97,10.006313754140642,0.9252510946090329,0.36582477875091307,0.06986382626532193
98,10.006385826088431,0.893681876721847,0.42278834581361113,0.10096113833170156
99,10.006458177598166,0.8565353311124174,0.4823724093978089,0.1376554552162364
100,10.006529710302651,0.8140272730515975,0.5437971290708793,0.17973946984681202
101,10.00659930653725,0.7664819943226784,0.6061142736564381,0.22689866001358655
102,10.00666585547528,0.714346292138317,0.6682112910565737,0.27869707193790283
103,10.006728280688606,0.6582003719240993,0.7288290802658978,0.33456607062212057
104,10.006785567520254,0.5987636707750347,0.7865954884880436,0.39379800075487315
105,10.006836787906822,0.5368940176428602,0.8400742193178125,0.4555463612190858
106,10.006881122407268,0.4735783143349293,0.8878286283900932,0.5188343337810059
107,10.006917877975171,0.40991379389626376,0.9284960324697937,0.582572678948498
108,10.006946500905114,0.34707980788116455,0.960866283181522,0.645587134474518
109,10.006966585083328,0.28630100197051356,0.9839570287560829,0.7066545539927115
110,10.006977875723548,0.22880395580831556,0.997077233676766,0.7645458069833817
111,10.006980269177618,0.17577028721350205,0.9998715645468631,0.818072513777364
112,10.006973809363123,0.12828985575680546,0.9923402836917937,0.866134020153309
113,10.006958682088229,0.08731770525653196,0.9748333396785459,0.9077609552534409
114,10.006935206091411,0.053638477856970325,0.9480180932476523,0.9421516120519161
115,10.00690382334789,0.027840549500362584,0.9128277737180227,0.9686987803443589
116,10.006865087665366,0.010301448097337663,0.8703959327784723,0.9870053827437879
117,10.006819651640127,0.0011849966643283094,0.8219844287685258,0.9968883622812916
118,10.006768252782758,0.00044910088721011014,0.7689129537684157,0.9983718011705615
119,10.00671169852174,0.007862562634910614,0.7124955003400006,0.991670829625709
120,10.00665085058248,0.023028620386942825,0.6539880680980614,0.9771685860343174
121,10.006586609016505,0.045412737187970835,0.5945495494615612,0.9553887047126902
122,10.006519896281823,0.07437228109668696,0.5352160096949025,0.9269657059217078
123,10.006451641586494,0.10918602906497554,0.47688703606310956,0.8926153955999477
124,10.006382766437849,0.1490820079031735,0.4203226380587308,0.8531067965262961
125,10.006314171618474,0.1932623208873634,0.3661481475311446,0.8092370110266014
126,10.006246725394043,0.24092441683939242,0.3148643646536274,0.7618096020570463
127,10.006181253787686,0.2912785871197534,0.26686136623704415,0.7116167313413369
128,10.006118532837057,0.3435615227622947,0.22243405955682502,0.6594252508086258
129,10.006059282670433,0.3970463601981985,0.18179804329777902,0.6059663349147084
130,10.006004163478373,0.4510494336376457,0.14510497735853228,0.5519284448718075
131,10.005953773071628,0.5049342624586332,0.11245677215599063,0.497953101066285
132,10.005908645821837,0.5581132380684476,0.08391829652212296,0.4446329989920897
133,10.005869252583892,0.6100473957626866,0.05952839449923179,0.3925120824462531
134,10.005836001368246,0.660244790259691,0.03930925735435722,0.3420870496953144
135,10.00580923834381,0.7082577806649439,0.023274156754503453,0.29380998385058005
136,10.005789248831958,0.7536795800658389,0.011433629245474053,0.24809174756982721
137,10.005776258087149,0.7961403696157449,0.003800271549829097,0.2053058370780423
138,10.005770431449394,0.8353031988926207,0.0003921420383575659,0.16579247160868546
139,10.005771873762674,0.8708598823698404,0.0012348870316651426,0.12986270471282976
140,10.005780627751514,0.9025271034070618,0.006362511463629254,0.09780234504558327
141,10.005796671496528,0.9300428919891722,0.015816882734776636,0.0698755174782756
142,10.005819914773895,0.9531636407818045,0.029645732889002668,0.046327701615438525
143,10.005850194456515,0.9716618355702656,0.047899064394629536,0.02738807121585595
144,10.0058872692648,0.9853246645831965,0.0706238059560679,0.013270970524647013
145,10.005930813965039,0.993953770595482,0.0978563402997745,0.004176266325338611
146,10.005980413895779,0.9973662314593447,0.12961291361980176,0.00028848913412739415
147,10.006035560045614,0.9953971182958565,0.1658774935677858,0.0017744169929150835
148,10.006095645496993,0.9879038433312827,0.20658701650980593,0.008778888763044295
149,10.006159964355994,0.9747723734393312,0.251614309574162,0.021418766258189694
150,10.00622771365451,0.9559255644794946,0.3007488334104823,0.03977478581530941
151,10.006297998963845,0.931333667548951,0.3536759722308953,0.0638812377774452
152,10.006369844425938,0.9010268668186993,0.40995620587129195,0.09371359719346832
153,10.006442207371405,0.8651095270921286,0.46900590303349987,0.12917440670176047
154,10.00651399736873,0.8237755648953005,0.5300820919328345,0.17007797082736317
155,10.00658409914474,0.7773240016432309,0.5922740772408547,0.21613477241396564
156,10.006651398473904,0.7261733987383914,0.6545051062644027,0.2669368793463516
157,10.006714809158474,0.6708736357068941,0.7155465458479995,0.32194586091675914
158,10.006773300959642,0.6121130016711119,0.7740481377878675,0.38048521339822516
159,10.006825924933043,0.550718960037138,0.8285833887049302,0.44173896354519354
160,10.006871836121835,0.48765082502176704,0.8777102392481065,0.5047582259598784
161,10.006910312424317,0.4239831557254687,0.9200435638757004,0.5684769679285043
162,10.00694076856902,0.3608796043131183,0.9543333216583251,0.6317373331840841
163,10.006962765390705,0.29955788469416234,0.979541217412644,0.6933239508832435
164,10.00697601453709,0.24124764943815297,0.9949074810604058,0.7520055414479643
165,10.00698037909338,0.18714410580581767,1.0,0.8065810689890189
166,10.006975870720344,0.13836089000718255,0.9947399358945176,0.8559269689737817
167,10.006962644306652,0.09588592618452034,0.9794014242274866,0.8990417222165837
168,10.006940989916657,0.06054389246929576,0.9545851147108654,0.935084121417452
169,10.006911322989888,0.0329680743815094,0.9211701228615946,0.9634023597063525
170,10.006874173482121,0.013583241428890554,0.8802511914130018,0.9835521951047257
171,10.00683017306801,0.0026002129423109586,0.8330673739387179,0.9953034306626803
172,10.006780041491902,2.1408583816015167e-05,0.7809307534862314,0.9986353031740188
173,10.006724571792594,0.005655833638309397,0.7251609745799298,0.9937222648743816
174,10.006664614798872,0.01914132242783843,0.667030243640219,0.9809122909078704
175,10.006601063192782,0.03997158066182288,0.6077212209991284,0.9607001616706875
176,10.006534835612177,0.06752562694375651,0.5482984586163993,0.9336981337676938
177,10.00646686076696,0.10109746953924965,0.4896920978646274,0.9006062022273379
178,10.006398062840216,0.13992439837164827,0.43269275968128323,0.8621836044319876
179,10.006329348069334,0.18321255683272006,0.37795481769067013,0.819222953189174
180,10.006261592582845,0.23015907184764198,0.32600549968923925,0.772527763147546
181,10.006195632334553,0.27997030521091604,0.27725814014588557,0.7228938351578849
182,10.006132254828744,0.33187633237257325,0.2320273926576182,0.6710944219671869
183,10.006072192832994,0.38514171591768426,0.19054513223782182,0.6178691252152502
184,10.006016119942242,0.439072928992414,0.15297598709442506,0.5639161799024789
185,10.005964647816695,0.49302296030877274,0.11943182741208075,0.5098875990322533
186,10.005918324813859,0.5463934311114309,0.08998479738899426,0.4563868507385564
187,10.005877635733569,0.5986347775909026,0.0646787174944921,0.40396851154696717
188,10.00584300236827,0.6492449090847714,0.043538825238296414,0.35313948194921874
189,10.005814784421332,0.697766689277016,0.026579838258026185,0.30436141399765176
190,10.005793280563976,0.7437846413033065,0.01381249351320862,0.2580539439906089
191,10.005778729261412,0.7869211307310977,0.0052486263988645665,0.21459847292706544
192,10.005771309103968,0.8268323019029418,0.0009048862891089074,0.17434221519849216
193,10.005771138375811,0.8632039579395113,0.0008051262331781697,0.13760232282379026
194,10.00577827369381,0.8957476060898518,0.004981487725808141,0.10466986104455955
195,10.005792707642465,0.9241968501850694,0.013474164917970903,0.07581345192549761
196,10.0058143654759,0.9483042533189642,0.02632981685175673,0.0512824620135127
197,10.005843100647043,0.9678389057223026,0.04359830304777664,0.03130950131201062
198,10.005878689650547,0.9825848306802331,0.0653277278685595,0.01611209960000918
199,10.00592082630373,0.9923404677368277,0.09155745525178044,0.005893323229366256
200,10.00596911613623,0.9969193874535589,0.1223089915132575,0.0008411780634480433
201,10.00602307139625,0.9961524460910518,0.15757448791930206,0.0011265917088256181
202,10.006082107089316,0.9898917242886932,0.1973025470120829,0.0068996321098705685
203,10.006145539308717,0.97801630364955,0.24138165838306777,0.018283903651114024
204,10.006212586347461,0.9604401507893081,0.2896213372549729,0.0353688477625296
205,10.00628237348949,0.9371221319864442,0.34173169493568295,0.05819991470530182
206,10.006353942022963,0.9080781002044144,0.3973025125293687,0.08676665060995532
207,10.006426262857238,0.8733948256809205,0.45578352340340006,0.12098890727685435
208,10.00649825455041,0.8332451496745409,0.5164680335850034,0.1607017716458034
209,10.006568805555784,0.7879036047929667,0.5784828751929826,0.20563993731538227
210,10.006636799325442,0.7377612256330601,0.6407873991246344,0.25542276898323424
211,10.006701141493519,0.6833380315750134,0.7021849582547808,0.30954154464218697
212,10.00676078758729,0.6252913011482315,0.761349363254869,0.3673507394879988
213,10.006814768886384,0.5644178934383797,0.8168667677862187,0.4280651063036953
214,10.006862215976051,0.5016488306593438,0.8672933124364887,0.49076435047203026
215,10.006902378466942,0.4380348055989433,0.9112253326097792,0.5544067929477222
216,10.006934640065117,0.37472212293705964,0.9473767966892653,0.6178525907187283
217,10.006958528904478,0.3129195258674135,0.9746569795646315,0.6798961560111246
218,10.006973723221272,0.2538574408110525,0.9922400784563075,0.7393063418610671
219,10.006980052819921,0.19874228681989983,0.9996187810225812,0.7948718329583521
220,10.00697749696028,0.14870922389647098,0.9966354512565101,0.8454484231515226
221,10.006966179379111,0.10477705326139919,0.983487462699631,0.890004479198478
222,10.006946360886202,0.06780898364074073,0.960706405937404,0.9276608447257882
223,10.006918430116821,0.03848218479285411,0.9291145817887229,0.9577221877432786
224,10.006882892597512,0.017268188207851396,0.8897645059973084,0.9796976323551919
225,10.006840358430471,0.004424959583212192,0.8438689287009001,0.9933097377737901
226,10.00679152894691,0.0,0.7927291341819241,0.998492365896717
227,10.006737182068719,0.003843482597127484,0.7376676630929906,0.9953783547146734
228,10.006678156981453,0.015629053671460818,0.6799707872916328,0.9842793172508116
229,10.006615338286782,0.034880022019006494,0.6208434786218934,0.965659825937887
230,10.006549639883866,0.06099841940589361,0.5613777284671543,0.9401085118259993
231,10.006481989341449,0.09329483731549952,0.5025339423506278,0.9083081974397865
232,10.006413312955798,0.13101707991101616,0.44513349488850285,0.8710070688997262
233,10.006344521706339,0.1733764287245187,0.38986006357863534,0.8289921365795901
234,10.006276499071483,0.219570561004882,0.3372678718918088,0.7830659776679149
235,10.006210090490587,0.2688026610175534,0.2877941783045758,0.7340272629779223
236,10.006146094589639,0.3202967370859766,0.24177410093682097,0.682655081774919
237,10.006085256514822,0.3733091662866243,0.1994565013161169,0.6296970603879238
238,10.006028263093372,0.4271368373469023,0.16101965218982048,0.5758609183706579
239,10.005975739706935,0.4811223369419309,0.12658598299712231,0.5218090226594614
240,10.005928248649536,0.5346565749130933,0.0962354578985594,0.4681555466869977
241,10.005886288652178,0.5871793601183811,0.07001734122230327,0.41546572129841636
242,10.005850295276076,0.6381783622536576,0.0479602968248563,0.36425673872473135
243,10.005820641785967,0.6871868270867086,0.030080818551902824,0.31499993870133997
244,10.00579764018535,0.7337804255128958,0.016390085767544336,0.2681238913465989
245,10.00578154214079,0.7775735381119607,0.0068993697809595425,0.22401807044421868
246,10.005772539427943,0.8182152219560799,0.001624034511959108,0.18303686736134062
247,10.005770763689984,0.8553850903884709,0.0005862183365754437,0.14550371139974103
248,10.00577628524733,0.8887893137306669,0.0038161806934358896,0.11171508679908643
249,10.005789111040066,0.9181569206894556,0.011352409625220211,0.08194426345844578
250,10.005809181512152,0.9432365399355952,0.023240329234270354,0.05644460277000526
251,10.005836366408369,0.9637937876173001,0.0395294317104643,0.03545223319256534
252,10.005870459578762,0.9796095151106473,0.06026861064013654,0.019187882260702
253,10.00591117351839,0.9904790206875008,0.0854997402850068,0.00785775967877007
254,10.005958133787821,0.9962124348849918,0.1152491109789867,0.001653285166086479
255,10.006010873601616,0.9966365964004057,0.14951633168080986,0.0007493466109714703
256,10.006068829714957,0.9915985439543725,0.18826082334084884,0.005300960197939089
257,10.006131340153045,0.9809708873892995,0.23138575047777638,0.015438068965546324
258,10.00619764466977,0.9646591837811572,0.27871965210594407,0.031258349320107716
259,10.006266888561644,0.9426115628661953,0.3299962119763691,0.05281777287404485
260,10.006338130859017,0.9148302901119924,0.3848334363592054,0.08011922088044766
261,10.006410356841718,0.8813853225248389,0.4427134610950877,0.11309907882649942
262,10.006482495164008,0.842429284280532,0.5029652725552115,0.15161235800847106
263,10.006553439231729,0.7982130383252066,0.5647530339212165,0.19541713859906856
264,10.006622071656698,0.7491007657801148,0.627072740634278,0.24415939498076786
265,10.006687291083036,0.6955831338387846,0.6887606949050729,0.297359587819589
266,10.006748040179021,0.6382866473107393,0.7485167605858319,0.35440290477723185
267,10.006803331661558,0.5779774405085719,0.8049424788724809,0.41453490849576324
268,10.006852272657879,0.5155576755952703,0.8565955596074369,0.47686442211722857
269,10.00689408543808,0.45205305763942244,0.9020577681453068,0.5403751976181268
270,10.006928123301618,0.38859098610109166,0.9400110295353972,0.6039469234133663
271,10.006953882087162,0.3263692628133771,0.9693158253538784,0.666385734139521
272,10.00697100677656,0.2666168581082559,0.9890831747855363,0.7264628274119007
273,10.006979293832432,0.21054905359439066,0.9987323070639729,0.7829589563553949
274,10.006978689937636,0.15932025566064295,0.9980273056425698,0.8347115655633142
275,10.006969287521743,0.11397811035287066,0.9870881747983801,0.8806609681774231
276,10.006951317839848,0.07542270493965926,0.9663756309247227,0.9198917521141252
277,10.006925142111173,0.04437402340316265,0.9366522079341445,0.9516661817760793
278,10.006891240955536,0.021349841479419592,0.8989249624487217,0.9754473151321594
279,10.006850202424573,0.00665516646901583,0.8543770240548202,0.9909106195614652
280,10.00680270875026,0.00038307414674419385,0.8042955691232291,0.9979441301366592
281,10.006749522045403,0.002425756048439763,0.7500031963841192,0.9966382513861849
282,10.006691469099062,0.01249382320975188,0.6927979549545843,0.9872671021844941
283,10.00662942559226,0.030141503869257184,0.6339054124032015,0.9702637418121965
284,10.00656430009018,0.05479527361557571,0.5744441253904242,0.9461917434070275
285,10.006497018291038,0.08578363955030362,0.5154042766655528,0.9157154184290833
286,10.006428507767865,0.12236617287230299,0.4576378239805624,0.8795706391267334
287,10.006359683527005,0.16376042955375633,0.40185796987935035,0.8385376629820661
288,10.006291435990057,0.20916556445920373,0.34864656674908384,0.7934171845122151
289,10.006224619646604,0.25778235265482463,0.2984654606283877,0.7450099593166924
290,10.006160043847945,0.3088293236379984,0.2516709172245423,0.6941003094981602
291,10.006098465854722,0.3615551038090149,0.2085295054281548,0.6414434368067191
292,10.006040585518743,0.4152472905861392,0.16923381230438617,0.5877562398883363
293,10.005987041814718,0.46923823532718306,0.13391744620585835,0.5337112624619601
294,10.00593841090515,0.5229082020464222,0.1026687439602036,0.47993330916478877
295,10.005895205423897,0.5756863624338262,0.07554289100041486,0.4269982682692394
296,10.005857874702672,0.6270500723237655,0.05257238337855339,0.37543369286413636
297,10.005826805552596,0.6765228309220077,0.033775809927715006,0.3257207356655753
298,10.005802323351084,0.7236713187155006,0.01916508151053191,0.2782970359444284
299,10.00578469294797,0.768101761052358,0.008751106264538053,0.2335603092254794
300,10.005774119232631,0.8094559462906374,0.002548089934819102,0.19187230514916087
301,10.005770746996054,0.8474071262761494,0.0005764659354607854,0.15356290342919293
302,10.005774660210392,0.8816559808132491,0.0028646799688216485,0.11893416129366664
303,10.005785880067576,0.9119268144853904,0.00944951475996213,0.08826414678686019
304,10.005804362039513,0.9379641723693334,0.020375082822064544,0.06181036771596566
305,10.005829991664443,0.9595301433396338,0.03569017518326745,0.039812529236676435
306,10.005862579855052,0.9764023720744822,0.055444183460052476,0.022494595682226372
307,10.005901857561959,0.988373017873221,0.07968114340152381,0.01006592250622099
308,10.005947469943342,0.995248889227347,0.10843151957527863,0.0027212325283008498
309,10.005998970972701,0.9968529560623822,0.1417017473581989,0.0006392323392172588
310,10.006055818980457,0.9930274759846299,0.1794612673947724,0.003979634033228001
311,10.006117373819881,0.9836389758249884,0.22162695399178514,0.012878340116790673
312,10.00618289673594,0.9685851528983233,0.26804527148596263,0.027440722062122922
313,10.006251553475375,0.9478039278023076,0.31847246412415087,0.04773275436555567
314,10.006322421344565,0.9212846652212204,0.37255367747968715,0.07376997515949776
315,10.006394500781843,0.8890813009799252,0.42980249885437877,0.10550451718647202
316,10.00646673149842,0.8513270457788522,0.48958285630747495,0.1428105150971717
317,10.006538012980773,0.8082499043820583,0.551095890433696,0.18546862140100323
318,10.006607228300835,0.760187967058034,0.6133744854772065,0.23315064699925778
319,10.006673270670682,0.7076031197004594,0.6752890353415065,0.28540564324526135
320,10.006735070931493,0.6510914160670868,0.7355669220602588,0.3416491643794605
321,10.006791624718028,0.5913881673707966,0.7928278640409359,0.40115764371687795
322,10.006842016805026,0.5293661456447236,0.8456344428644,0.4630695117828521
323,10.006885442840014,0.4660251741351473,0.8925574447619502,0.526394804687945
324,10.006921226404112,0.40247230709160353,0.9322507079696385,0.5900341414294819
325,10.006948831433323,0.3398925680746819,0.9635295687343555,0.6528071832241269
326,10.006967869914034,0.2795113064864666,0.9854449618558387,0.7134896152125584
327,10.006978105120814,0.22255034695523693,0.9973448540646783,0.7708565705439592
328,10.006979451016615,0.17018101417280998,0.9989158555094968,0.8237294840394048
329,10.006971968408044,0.12347769096924416,0.9902000606022593,0.8710227512736514
330,10.006955858866935,0.08337559485895461,0.9715859189669624,0.911786489119862
331,10.006931455687312,0.050636260238488225,0.9437735179055058,0.9452418717753143
332,10.006899214051796,0.025823007423377346,0.9077212376638614,0.9708066423488423
333,10.006859699331452,0.009287806274286969,0.8645791071752875,0.9881093046940618
334,10.006813574039924,0.0011696833526342858,0.8156169037735264,0.9969917331936141
335,10.006761583802058,0.0014036545860927037,0.7621543583193617,0.9975011259032117
336,10.006704542290393,0.009738398255078079,0.705498914849397,0.9898730275791593
337,10.006643315567015,0.025760354207949244,0.6468950182154376,0.974507703623002
338,10.00657880612622,0.0489217870183928,0.5874866534170856,0.9519423269080158
339,10.006511936987968,0.07857047545352978,0.5282931224010021,0.9228213377966077
340,10.006443636149918,0.11397903537749768,0.4701967082806478,0.8878670082213856
341,10.00637482245599,0.15437236995293746,0.4139407340434619,0.8478517512116458
342,10.006306392486435,0.1989521330595634,0.3601349533565333,0.803573343411279
343,10.006239209187624,0.24691749017379797,0.30926632854233277,0.7558338103905888
344,10.006174092319242,0.29748212915118927,0.26171302078899583,0.7054220531382134
345,10.00611181093435,0.34988740595522555,0.21775999753988395,0.6531003541377821
346,10.006053077700138,0.4034119295056231,0.17761484766773813,0.5995944756285415
347,10.005998545056924,0.4573780244166754,0.14142299908997055,0.5455869184055651
348,10.005948802955487,0.5111553978317543,0.10928172616112937,0.4917130204431457
349,10.00590437789346,0.5641625805470898,0.08125262473231698,0.4385593242108914
350,10.005865732985047,0.6158665615278012,0.057372452013589405,0.38666379103210224
351,10.005833268628303,0.6657809910353872,0.03766225775421504,0.3365174847187778
352,10.005807323536212,0.7134633946046718,0.022134936286498375,0.28856727617896216
353,10.005788175722579,0.7585116682304487,0.010801242900669203,0.2432192954250124
354,10.005776043167556,0.8005601620449048,0.003674389255739753,0.2008428191102345
355,10.005771083961747,0.839275590881925,0.0007733326840741434,0.16177435124619688
356,10.005773395511167,0.8743529424383859,0.002124684759229157,0.12632172578075554
357,10.005783012886107,0.9055116389407534,0.0077633773916373295,0.09476797059891258
358,10.005799906128397,0.9324920785947596,0.017731971911661516,0.06737480702500889
359,10.005823976474685,0.9550527388462137,0.0320784759279605,0.044385602874964576
360,10.005855051781296,0.9729679767862892,0.0508526137599903,0.026027643117334954
361,10.005892881040438,0.9860268130970613,0.07410014617854922,0.01251343456304854
362,10.005937128624781,0.9940328266115976,0.1018551685430085,0.00404091728012853
363,10.0059873689552,0.9968052994641636,0.13413028677539693,0.0007924428174354028
364,10.00604308167482,0.9941819882651738,0.17090414930095849,0.002932147513267251
365,10.006103648446988,0.9860236535102684,0.21210648081944997,0.010601585452219602
366,10.006168352157756,0.9722205314023533,0.25760071315495237,0.023913433920427097
367,10.006236379189549,0.9527009513237128,0.30716451135916445,0.04294306219848238
368,10.006306825632125,0.9274420291178413,0.36046908629484,0.0677180219685583
369,10.00637870782117,0.8964824475528694,0.41705849643928605,0.09820543136006614
370,10.006450977462134,0.859936810611458,0.47633083065511733,0.13429774476946496
371,10.006522541203275,0.8180110834065598,0.5375237499224931,0.1757973671041164
372,10.006592283885375,0.7710180243989739,0.5997071671112829,0.22240117767376863
373,10.00665909450835,0.7193913741705262,0.66178623014249,0.273686167423732
374,10.006721893741288,0.6636970709207624,0.7225176992111182,0.3290978929090107
375,10.006779661165133,0.6046396600363277,0.7805416182588035,0.3879435707301174
376,10.006831460339717,0.5430621616575074,0.8344285641547615,0.44939156093917554
377,10.006876461225605,0.47993768943169884,0.8827420093706141,0.5124789688778844
378,10.006913958437094,0.4163515883209102,0.9241116558098703,0.5761286667404211
379,10.006943384542705,0.3534743126430168,0.957311521419896,0.6391755976425517
380,10.006964318790583,0.2925254785482968,0.9813356616396791,0.7004020226230623
381,10.006976491277879,0.23473113440142174,0.9954629975260374,0.758579765895287
382,10.006979783204052,0.18127723723418646,0.9993038252385751,0.8125165445815588
383,10.006974223711046,0.13326275725856643,0.9928223598587886,0.8611030065630264
384,10.006959983971704,0.0916562811379593,0.9763329370720268,0.9033566015830244
385,10.006937369169032,0.057259557617994665,0.9504710748117398,0.9384587922207102
386,10.006906808635812,0.030680627190991804,0.9161434990896419,0.9657828806168038
387,10.006868844495708,0.012318162397104385,0.874463750115277,0.9849107167147606
388,10.00682411895189,0.0023573892984844924,0.8266808940858977,0.995637809252812
389,10.006773360450536,0.0007768438767434178,0.7741087528883801,0.9979674898098916
390,10.006717368838757,0.007364299480449455,0.7180616627856615,0.9920957261402202
391,10.006656999807955,0.02173965179851201,0.6598010368400073,0.9783887601017174
392,10.006593148946859,0.04338230343902907,0.600494935121495,0.9573560210487189
393,10.006526735912953,0.07166066708683813,0.5411911284152983,0.9296207118416502
394,10.006458688643654,0.1058617003606302,0.48280218460822605,0.8958901949403951
395,10.006389928856043,0.14521883970806707,0.4261014262267179,0.8569278429715126
396,10.006321358731011,0.18893724280148308,0.37172695028738484,0.8135274939458955
397,10.006253849308575,0.2362153063572684,0.320191527789325,0.7664915846298885
398,10.00618823038406,0.2862624999082154,0.27189591176592054,0.7166129556979691
399,10.006125282457658,0.3383133953645608,0.2271441451206188,0.6646604696747819
400,10.00606573078749,0.39163797609418893,0.18615950630738737,0.6113683761696582
401,10.006010241111932,0.44554873975597054,0.14909987202714212,0.5574289223876266
402,10.005959417067968,0.49940495090074144,0.11607202289558131,0.5034878561526287
403,10.005913798982654,0.5526145304058252,0.0871444755302841,0.450142335570932
404,10.005873863709606,0.6046340378792673,0.06235865971513218,0.3979407873976541
405,10.005840025228036,0.6549671790709266,0.041738440052422096,0.34738427794698923
406,10.00581263561402,0.7031622043554981,0.025297999600185184,0.29892902673196164
407,10.005791986047356,0.7488085267525331,0.013048174057514494,0.2529897299703876
408,10.005778307542233,0.7915328825885812,0.0050013339524725385,0.20994336634670926
409,10.005771771303843,0.8309952703814618,0.0011750008114930477,0.17013324454280937
410,10.005772488086501,0.866884842130412,0.0015940158723487447,0.13387311918333375
411,10.005780506780305,0.8989159905481117,0.006291504421624669,0.10145112582422328
412,10.00579581190142,0.9268248008687591,0.015308460401646561,0.0731333671266546
413,10.005818320067409,0.950366023184665,0.028691912048331217,0.0491669932399954
414,10.005847875572607,0.969310711427602,0.04649153882963887,0.02978263063032446
415,10.005884245078583,0.9834447777324281,0.06875443479422164,0.015195912416422704
416,10.005927111982603,0.992568598554599,0.0955179295262764,0.0056079737494555346
417,10.005976070799031,0.9964978896919845,0.12680015567792094,0.001204697324293314
418,10.006030622227398,0.9950661529111452,0.1625882076242726,0.002154405669150449
419,10.006090169825942,0.9881286646818715,0.2028239232474203,0.00860402958437928
420,10.006154017997163,0.9755686666745322,0.24738661199544829,0.02067309613906933
421,10.006221373982587,0.9573054301672212,0.29607429389003553,0.0384458458742129
422,10.006291353124094,0.9333044755662998,0.3485831810037255,0.061961199086245165
423,10.006362988373686,0.9035899013146331,0.40448682692931903,0.091200597693174
424,10.006435244131877,0.8682586241777032,0.4632164973986415,0.12607390122169193
425,10.00650703543627,0.8274953601778544,0.5240459781405121,0.16640447441775172
426,10.006577250071345,0.7815883225383097,0.5860821356066669,0.21191347206765995
427,10.00664477428666,0.7309437201575117,0.6482656136275905,0.2622051950825536
428,10.006708519943123,0.6760977740130137,0.7093839583234187,0.3167547808633931
429,10.006767451729102,0.6177243952353823,0.7680996152098245,0.3749000678972283
430,10.00682061313616,0.556636591085634,0.8229940945497245,0.43583956873336016
431,10.006867149519486,0.4937799295475869,0.8726272176039812,0.4986382514987882
432,10.006906327200353,0.43021687841313466,0.9156083269636259,0.5622423685158946
433,10.006937547859769,0.36710169105985563,0.9506738745479623,0.6255037403261653
434,10.006960358339624,0.3056462139485552,0.9767644052412403,0.6872132133552032
435,10.006974455733719,0.24707848996143408,0.993092368001911,0.746141518031149
436,10.006979688372521,0.192596770129458,0.9991930602006681,0.8010849965700014
437,10.006976053500122,0.1433224469519952,0.9949528754684628,0.8509127344947568
438,10.006963691867218,0.1002555650714903,0.9806112287439667,0.8946114553975979
439,10.006942880031714,0.06423662757167573,0.9567367421811157,0.931324416819371
440,10.006914021062109,0.03591742308279713,0.9241816173706011,0.9603815013838243
441,10.006877633219966,0.015742994432326633,0.8840194979913572,0.981318288227334
442,10.006834337790407,0.003944942081996762,0.8374753790950187,0.9938837906782434
443,10.006784845395197,0.0005459323231614662,0.7858540961102691,0.9980369005732973
444,10.006729941348981,0.005373806842012552,0.7304742586967424,0.993933062480504
445,10.00667047026633,0.018083124202724624,0.6726122524510944,0.9819033038124226
446,10.006607320139961,0.038181749313555856,0.6134588599049395,0.9624279921627636
447,10.006541406325187,0.06506007165768068,0.5540893174308653,0.9361077509784475
448,10.006473656040356,0.09802069763291804,0.49544621617765877,0.9036337171704666
449,10.006404993450126,0.1363067978160721,0.43833315236401127,0.8657590065801491
450,10.006336325677337,0.1791280468166704,0.38341686264880215,0.8232724913849157
451,10.006268531278959,0.2256829226573149,0.33123642428049727,0.7769761542092117
452,10.006202449630473,0.2751774021604071,0.28221581671062973,0.7276660337934321
453,10.006138872361467,0.32683980296400084,0.23667886809070995,0.6761170277390046
454,10.006078537075021,0.37993185420393893,0.19486523690266336,0.6230714883178388
455,10.006022122635605,0.43375648008317097,0.15694589567935285,0.5692311439931156
456,10.0059702462675,0.4876626326159669,0.12303772306220326,0.5152520126980402
457,10.005923462068166,0.5410476588399187,0.09321667074823528,0.4617418244060326
458,10.005882260631106,0.5933576657348512,0.06752929717321554,0.40925948827475883
459,10.005847069521863,0.6440863210664042,0.046002656113145024,0.3583161621250029
460,10.00581825417825,0.6927724623790563,0.028652518664294534,0.3093775487620766
461,10.005796118934656,0.7389968641300385,0.01549003604649266,0.26286706428966417
462,10.005780907853556,0.782378482267047,0.006526940289003204,0.21916955465553703
463,10.005772805170698,0.8225704235928035,0.0017794226127623126,0.1786353087130072
464,10.0057719348811,0.8592558276235684,0.0012706115910146296,0.1415841793404579
465,10.005778359507737,0.8921439041508987,0.005031803336415323,0.10830956485856019
466,10.0057920778127,0.9209663016724158,0.013102339064292064,0.07908207529692596
467,10.005813021576422,0.9454739322488555,0.025528140351820622,0.05415275653720772
468,10.005841051240619,0.9654344759793045,0.04235860899214473,0.03375565101965053
469,10.005875950849505,0.9806307099804448,0.06364185879423842,0.01810954913577563
470,10.005917422477234,0.9908598580891689,0.08941799359740997,0.007418737158868669
471,10.00596508051543,0.9959342025345839,0.11971015765509957,0.0018725019517595817
472,10.006018446625136,0.9956830901669641,0.15451329213971837,0.0016432595541753486
473,10.006076945589799,0.9899567345357042,0.19378016951946703,0.006882908513136883
474,10.00613990355832,0.9786317579965328,0.23740517261688773,0.017717457930479498
475,10.00620654884466,0.9616188524405056,0.28520565968591827,0.03423955036878052
476,10.00627601630153,0.9388726049362683,0.3369016706212244,0.05649882252022457
477,10.006347355970686,0.9104033605222854,0.3920951012936307,0.08449021717120488
478,10.00641954618939,0.8762909318838654,0.45024982770744204,0.11814041815561291
479,10.006491511248097,0.8366996644605657,0.510675038227453,0.15729287323351543
480,10.006562143222379,0.7918939722259398,0.5725145440807833,0.20169225978058875
481,10.006630326789674,0.7422532296393409,0.6347448449068178,0.2509694799311001
482,10.006694965924801,0.688284500132212,0.6961850652646662,0.30462867606933974
483,10.006755012108107,0.6306312382635917,0.7555223961014894,0.36203809688613
484,10.006809489999918,0.5700762141664629,0.8113521083924169,0.4224265948655647
485,10.00685752118879,0.5075369041828579,0.8622336016974566,0.4848875075648568
486,10.006898344549652,0.44405178595524575,0.9067596939621748,0.5483915381362345
487,10.00693133150453,0.3807573180767473,0.9436331556407739,0.6118089400518621
488,10.006955996840553,0.3188556586331319,0.9717444788742747,0.6739410344905177
489,10.00697200481786,0.25957462672497567,0.9902423631572894,0.7335596601549289
490,10.006979170959939,0.20412248405188213,0.9985888391140835,0.7894520658216199
491,10.006977460302387,0.1536408256307759,0.9965927002514026,0.8404680129187801
492,10.006966983017431,0.10915921422226885,0.9844177278049093,0.8855654675077368
493,10.006947986890525,0.07155529074370774,0.9625639546482264,0.9238511378918605
494,10.006920847945539,0.041523674273351574,0.9318259100236966,0.9546124576240486
495,10.00688606028469,0.019555212793664956,0.8932343598487662,0.9773393471817649
496,10.006844223693882,0.005927881932564849,0.8479868800508876,0.9917343703784747
497,10.006796030326106,0.0007089942221747512,0.7973761647620718,0.9977115023579943
498,10.006742250288504,0.0037673189581599958,0.7427223908668482,0.9953848346407239
499,10.006683716333635,0.014793212612791488,0.6853147041639743,0.9850490650163044
